[
    {
        "name": "Inputs (for cross-validation, only use 'Training Data'):",
        "description": "To perform cross-validation, only provide the data and class files in 'Training Data.' Otherwise, for test-train prediction, provide inputs in both 'Training Data' and 'Testing Data.'",
        "hidden": false
    },
    {
        "name": "Inputs (for cross-validation, only use 'Training Data'):/Training Data",
        "description": "Provide data (feature) and class (target) files for training dataset (required)",
        "hidden": false,
        "parameters": [
            "train.data.file",
            "train.class.file",
            "model_output"
        ]
    },
    {
        "name": "Inputs (for cross-validation, only use 'Training Data'):/Testing Data",
        "description": "Provide data (feature) and class (target) files for test dataset (only needed for test-train prediction, not cross-validation).",
        "hidden": true,
        "parameters": [
            "test.data.file",
            "test.class.file"
        ]
    },
    {
        "name": "Inputs (for cross-validation, only use 'Training Data'):/Prediction Result",
        "description": "Provide prediction results filename. Default is to use training data base filename.",
        "hidden": true,
        "parameters": [
            "prediction.results.filename"
        ]
    },
    {
        "name": "Optional Classifier Parameters:",
        "description": "The following parameters for classifier specifications are optional as default values are passed in. For details, please refer to <a href=https://tiny.cc/scikit_rnd_forest>this</a>",
        "hidden": true,
        "parameters": [
            "bootstrap",
            "split_criterion",
            "max_depth",
            "max_features",
            "max_leaves",
            "max_samples",
            "min_impurity_decrease",
            "min_samples_leaf",
            "min_samples_split",
            "n_estimators",
            "n_bins",
            "random_state",
            "max_batch_size"
        ]
    },
    {
        "name": "For Developer Use:",
        "description": "Contains developer debugging parameter.",
        "hidden": true,
        "parameters": [
            "debug",
            "verbose"
        ]
    }
]